player_id,birth_date,zodiac,dob_source,dob_verified
5,1995-07-19,Cancer,API-Football,False
18,2000-03-25,Aries,API-Football,False
44,1996-06-22,Cancer,API-Football,False
49,1993-06-13,Gemini,API-Football,False
95,2001-03-26,Aries,API-Football,False
104,,,,False
130,1993-11-16,Scorpio,API-Football,False
131,1999-11-17,Scorpio,API-Football,False
138,1999-12-30,Capricorn,API-Football,False
164,1993-04-24,Taurus,API-Football,False
169,1990-09-19,Virgo,API-Football,False
171,1997-04-13,Aries,API-Football,False
174,1992-02-14,Aquarius,API-Football,False
180,2000-09-16,Virgo,API-Football,False
182,1996-02-02,Aquarius,API-Football,False
186,1992-07-08,Cancer,API-Football,False
247,1999-05-07,Taurus,API-Football,False
253,1993-02-27,Pisces,API-Football,False
269,1997-11-14,Scorpio,API-Football,False
280,1992-10-02,Libra,API-Football,False
281,1998-11-23,Sagittarius,API-Football,False
283,1998-10-07,Libra,API-Football,False
284,1997-05-23,Gemini,API-Football,False
289,1994-03-11,Pisces,API-Football,False
290,1991-07-08,Cancer,API-Football,False
293,2001-01-30,Aquarius,API-Football,False
295,1988-05-10,Taurus,API-Football,False
296,1986-01-04,Capricorn,API-Football,False
306,1992-06-15,Gemini,API-Football,False
526,1996-04-02,Aries,API-Football,False
532,1999-08-12,Leo,API-Football,False
537,1992-01-15,Capricorn,API-Football,False
542,2002-05-16,Taurus,API-Football,False
545,1997-11-14,Scorpio,API-Football,False
557,1994-04-26,Taurus,API-Football,False
567,1997-05-14,Taurus,API-Football,False
583,1999-11-10,Scorpio,API-Football,False
616,1998-11-07,Scorpio,API-Football,False
617,1993-08-17,Leo,API-Football-ID,True
626,1994-05-28,Gemini,Wikidata:Q2025900,False
627,,,,False
629,1991-06-28,Cancer,Wikidata:Q357984,False
631,2000-05-28,Gemini,Wikidata:Q30729096,False
633,1990-10-24,Scorpio,Wikidata:Q161089,False
636,1994-08-10,Leo,API-Football-ID,True
641,1996-12-15,Sagittarius,Wikidata:Q19636859,False
643,1997-04-03,Aries,Wikidata:Q19708656,False
645,1994-12-08,Sagittarius,Wikidata:Q312157,False
657,1995-10-09,Libra,Wikidata:Q14495103,False
665,1996-09-27,Libra,Wikidata:Q15081929,False
723,1996-08-14,Leo,API-Football-ID,True
727,1999-12-10,Sagittarius,Wikidata:Q35039261,False
739,,,,False
747,,,,False
766,1990-01-08,Capricorn,Wikidata:Q6799321,False
792,1999-05-05,Taurus,Wikidata:Q26934107,False
863,1997-06-25,Cancer,Wikidata:Q18817134,False
879,1998-05-31,Gemini,Wikidata:Q28748037,False
886,1999-03-18,Pisces,Wikidata:Q26255506,False
889,1994-07-17,Cancer,Wikidata:Q4125587,False
891,,,,False
894,1985-07-09,Cancer,Wikidata:Q10602,False
895,,,,False
899,1996-01-01,Capricorn,Wikidata:Q17619350,False
903,1996-12-08,Sagittarius,Wikidata:Q29624459,False
909,1997-10-31,Scorpio,Wikidata:Q22951255,False
912,,,,False
925,1996-11-29,Sagittarius,Wikidata:Q16729477,False
930,1997-01-02,Capricorn,Wikidata:Q26707913,False
978,1999-06-11,Gemini,Wikidata:Q27310755,False
983,1997-08-09,Leo,Wikidata:Q20890178,False
1096,2000-10-25,Scorpio,Wikidata:Q30134278,False
1098,1998-10-09,Libra,Wikidata:Q20810726,False
1100,2000-07-21,Cancer,Wikidata:Q28967995,False
1117,,,,False
1119,1998-04-17,Aries,Wikidata:Q18157457,False
1125,1995-02-22,Pisces,Wikidata:Q16236700,False
1135,1998-01-16,Capricorn,Wikidata:Q19963405,False
1145,1999-05-25,Gemini,API-Football-ID,True
1150,1999-02-14,Aquarius,Wikidata:Q19871581,False
1161,2000-07-28,Leo,Wikidata:Q55820249,False
1165,1999-05-27,Gemini,API-Football-ID,True
1166,1996-03-06,Pisces,Wikidata:Q3529022,False
1231,1992-08-22,Leo,Wikidata:Q15113326,False
1243,1995-02-27,Pisces,Wikidata:Q20860081,False
1361,1999-10-07,Libra,Wikidata:Q26719541,False
1422,2002-05-27,Gemini,Wikidata:Q59209505,False
1438,1992-03-04,Pisces,Wikidata:Q309966,False
1440,1995-09-20,Virgo,Wikidata:Q21061767,False
1445,1997-12-11,Sagittarius,Wikidata:Q47015833,False
1455,1996-05-03,Taurus,Wikidata:Q21091691,False
1460,2001-09-05,Virgo,Wikidata:Q59306386,False
1463,1999-08-20,Leo,Wikidata:Q40471152,False
1468,,,,False
1469,1990-11-26,Sagittarius,Wikidata:Q188457,False
1485,,,,False
1590,1993-01-17,Capricorn,Wikidata:Q6294052,False
1600,,,,False
1605,1995-10-21,Libra,Wikidata:Q5218462,False
1646,1997-08-27,Virgo,Wikidata:Q30089624,False
1736,1991-01-14,Capricorn,Wikidata:Q7983684,False
1864,2000-03-09,Pisces,Wikidata:Q30036972,False
1904,1999-11-23,Sagittarius,Wikidata:Q29962926,False
1934,1998-02-14,Aquarius,Wikidata:Q20675980,False
1946,1994-12-04,Sagittarius,Wikidata:Q6509762,False
2032,2000-02-06,Aquarius,Wikidata:Q28933132,False
2056,1992-05-11,Taurus,Wikidata:Q510165,False
2165,1999-05-29,Gemini,Wikidata:Q37875995,False
2218,1998-02-25,Pisces,Wikidata:Q26924482,False
2273,1994-10-03,Libra,Wikidata:Q3195361,False
2284,1994-08-03,Leo,Wikidata:Q5370912,False
2287,1993-12-05,Sagittarius,Wikidata:Q326240,False
2289,,,,False
2291,1994-05-06,Taurus,Wikidata:Q701297,False
2298,2000-11-07,Scorpio,Wikidata:Q42396622,False
2413,,,,False
2467,1998-01-18,Capricorn,Wikidata:Q30881092,False
2476,1994-04-12,Aries,Wikidata:Q18224850,False
2489,1997-01-13,Capricorn,API-Football-ID,True
2490,1994-10-25,Scorpio,Wikidata:Q16300824,False
2507,1994-02-10,Aquarius,Wikidata:Q16145667,False
2597,1998-11-05,Scorpio,Wikidata:Q21286402,False
2601,1996-08-05,Leo,Wikidata:Q20039495,False
2678,1996-12-04,Sagittarius,Wikidata:Q19518278,False
2724,1993-07-20,Cancer,Wikidata:Q72648,False
2729,1996-05-31,Gemini,Wikidata:Q15943423,False
2734,1996-06-11,Gemini,Wikidata:Q16727516,False
2752,1992-09-25,Libra,Wikidata:Q6784737,False
2771,1996-10-08,Libra,Wikidata:Q20730338,False
2806,1991-12-20,Sagittarius,Wikidata:Q673691,False
2817,1997-10-12,Libra,Wikidata:Q23887939,False
2823,1996-08-13,Leo,Wikidata:Q19594166,False
2855,1994-08-02,Leo,Wikidata:Q5371332,False
2864,1999-09-21,Virgo,Wikidata:Q23759917,False
2869,1997-10-24,Scorpio,Wikidata:Q27859514,False
2887,1991-05-05,Taurus,API-Football-ID,True
2919,1992-02-26,Pisces,Wikidata:Q6792066,False
2920,1995-12-05,Sagittarius,Wikidata:Q18041089,False
2926,1997-05-07,Taurus,Wikidata:Q14327453,False
2931,1986-04-15,Aries,Wikidata:Q357912,False
2932,1994-03-07,Pisces,Wikidata:Q13014035,False
2934,,,,False
2935,1993-03-05,Pisces,Wikidata:Q165772,False
2936,1992-11-19,Scorpio,Wikidata:Q6144020,False
2937,1999-01-14,Capricorn,Wikidata:Q30007142,False
2938,1994-11-01,Scorpio,Wikidata:Q2643777,False
2939,,,,False
2990,,,,False
2997,1985-04-18,Aries,Wikidata:Q40596,False
2999,1996-04-12,Aries,Wikidata:Q16212492,False
3339,2000-01-08,Capricorn,Wikidata:Q47490408,False
3428,1991-09-11,Virgo,Wikidata:Q367861,False
5996,,,,False
6056,,,,False
6610,1997-05-10,Taurus,Wikidata:Q23413053,False
6716,1998-12-24,Capricorn,Wikidata:Q33297140,False
7029,2000-07-04,Cancer,Wikidata:Q105944501,False
7600,1998-02-07,Aquarius,Wikidata:Q25983385,False
8500,1993-02-09,Aquarius,Wikidata:Q10526787,False
8598,1997-08-12,Leo,Wikidata:Q20932574,False
8694,1998-04-03,Aries,Wikidata:Q30014588,False
8794,,,,False
9971,,,,False
10135,1997-11-16,Scorpio,Wikidata:Q58323172,False
10329,,,,False
10373,,,,False
13489,2003-12-13,Sagittarius,Wikidata:Q64748320,False
13736,1996-05-25,Gemini,Wikidata:Q56703599,False
15745,1999-06-24,Cancer,Wikidata:Q29319616,False
15797,1999-08-10,Leo,Wikidata:Q42393774,False
15799,1998-01-01,Capricorn,Wikidata:Q56292818,False
15812,1994-05-28,Gemini,Wikidata:Q15729123,False
15870,2000-07-11,Cancer,Wikidata:Q65229910,False
15884,2000-02-29,Pisces,Wikidata:Q65967193,False
15908,2000-07-03,Cancer,Wikidata:Q45034698,False
15911,2000-08-02,Leo,Wikidata:Q56877051,False
17365,1995-08-19,Leo,Wikidata:Q18638102,False
17579,1995-09-24,Libra,Wikidata:Q16237035,False
17597,1999-03-04,Pisces,Wikidata:Q56331751,False
17661,2002-06-27,Cancer,Wikidata:Q70780349,False
17714,1998-10-21,Libra,Wikidata:Q35554570,False
17736,1997-07-19,Cancer,Wikidata:Q38776669,False
17739,1997-08-31,Virgo,Wikidata:Q21005715,False
18146,,,,False
18397,,,,False
18592,2000-03-06,Pisces,Wikidata:Q105956269,False
18737,1986-10-24,Scorpio,Wikidata:Q247312,False
18739,1991-02-03,Aquarius,Wikidata:Q570983,False
18741,1993-02-25,Pisces,Wikidata:Q723606,False
18742,,,,False
18744,1997-05-23,Gemini,API-Football-ID,True
18746,2000-01-27,Aquarius,Wikidata:Q28147578,False
18753,,,,False
18755,1999-10-10,Libra,Wikidata:Q57315493,False
18758,1988-10-11,Libra,Wikidata:Q316724,False
18766,1997-03-16,Pisces,Wikidata:Q19956709,False
18771,1993-10-06,Libra,Wikidata:Q3718523,False
18772,1988-01-03,Capricorn,Wikidata:Q29495,False
18778,1997-12-09,Sagittarius,Wikidata:Q27974879,False
18779,1997-10-01,Libra,Wikidata:Q23771218,False
18784,,,,False
18786,1996-12-16,Sagittarius,Wikidata:Q19587938,False
18788,1987-01-11,Capricorn,Wikidata:Q6147586,False
18805,1993-01-01,Capricorn,Wikidata:Q13427925,False
18806,1995-04-17,Aries,Wikidata:Q133920,False
18813,1989-12-15,Sagittarius,Wikidata:Q3603066,False
18814,1997-01-09,Capricorn,Wikidata:Q21621180,False
18819,1990-03-28,Aries,Wikidata:Q1966430,False
18823,2000-01-24,Aquarius,Wikidata:Q61906182,False
18843,1992-12-23,Capricorn,Wikidata:Q323046,False
18846,1997-11-26,Sagittarius,Wikidata:Q50137347,False
18847,1989-10-29,Scorpio,Wikidata:Q2621755,False
18858,1987-06-20,Gemini,Wikidata:Q431368,False
18860,1999-05-18,Taurus,Wikidata:Q59913688,False
18861,1995-02-18,Aquarius,Wikidata:Q1755683,False
18862,1991-04-05,Aries,Wikidata:Q714067,False
18869,1991-04-29,Taurus,API-Football-ID,True
18870,,,,False
18872,1997-02-03,Aquarius,API-Football-ID,True
18873,1994-02-24,Pisces,Wikidata:Q44527,False
18883,1997-09-14,Virgo,Wikidata:Q18336397,False
18886,1989-01-15,Capricorn,Wikidata:Q510401,False
18901,1997-10-30,Scorpio,Wikidata:Q28542599,False
18911,1992-04-19,Aries,Wikidata:Q15999945,False
18917,,,,False
18918,,,,False
18929,1999-11-22,Sagittarius,Wikidata:Q53652291,False
18931,1991-12-07,Sagittarius,API-Football-ID,True
18932,1988-03-17,Pisces,Wikidata:Q348813,False
18935,1989-12-03,Sagittarius,Wikidata:Q887695,False
18940,,,,False
18941,1995-09-18,Virgo,Wikidata:Q18128628,False
18943,1992-08-03,Leo,Wikidata:Q66358,False
18947,1993-09-01,Virgo,Wikidata:Q13780454,False
18955,1992-07-23,Leo,Wikidata:Q5220475,False
18959,1997-11-18,Scorpio,Wikidata:Q56043276,False
18960,1990-08-18,Leo,Wikidata:Q509809,False
18961,1992-05-09,Taurus,Wikidata:Q5213217,False
18963,1991-11-21,Scorpio,Wikidata:Q6536506,False
18968,1996-08-30,Virgo,Wikidata:Q22683033,False
19004,1993-02-02,Aquarius,Wikidata:Q10514792,False
19012,1992-05-24,Gemini,Wikidata:Q16200385,False
19025,1991-01-20,Aquarius,Wikidata:Q1061904,False
19030,2000-11-21,Scorpio,Wikidata:Q35829599,False
19032,2000-05-18,Taurus,Wikidata:Q26250297,False
19035,,,,False
19070,2000-01-04,Capricorn,Wikidata:Q56641599,False
19071,1996-12-25,Capricorn,Wikidata:Q18637343,False
19088,1997-03-12,Pisces,Wikidata:Q28059260,False
19119,1999-12-31,Capricorn,Wikidata:Q60194671,False
19128,1996-11-20,Scorpio,API-Football-ID,True
19130,1995-12-02,Sagittarius,Wikidata:Q20641319,False
19136,,,,False
19143,1993-03-25,Aries,Wikidata:Q327227,False
19145,1997-09-24,Libra,Wikidata:Q21620666,False
19147,1990-05-06,Taurus,Wikidata:Q1705657,False
19150,1996-10-22,Libra,Wikidata:Q18921915,False
19152,1993-03-04,Pisces,Wikidata:Q5162304,False
19163,1995-02-24,Pisces,Wikidata:Q15622117,False
19170,,,,False
19179,1993-03-13,Pisces,Wikidata:Q16235643,False
19182,1997-11-14,Scorpio,Wikidata:Q27019988,False
19187,1995-09-10,Virgo,Wikidata:Q16056053,False
19191,1994-10-18,Libra,Wikidata:Q10547335,False
19192,2001-05-28,Gemini,Wikidata:Q63228677,False
19197,1985-09-03,Virgo,Wikidata:Q295627,False
19220,1999-01-10,Capricorn,Wikidata:Q38000669,False
19221,,,,False
19235,2000-08-09,Leo,Wikidata:Q56222532,False
19245,1999-03-22,Aries,Wikidata:Q37996874,False
19248,,,,False
19263,1998-10-06,Libra,Wikidata:Q35851317,False
19265,,,,False
19281,2000-01-07,Capricorn,Wikidata:Q52990659,False
19298,1997-08-07,Leo,Wikidata:Q23041943,False
19305,1997-11-21,Scorpio,Wikidata:Q28794002,False
19312,1998-10-01,Libra,Wikidata:Q70276774,False
19341,,,,False
19354,1997-10-23,Scorpio,Wikidata:Q27063854,False
19364,1996-08-14,Leo,Wikidata:Q1101455,False
19365,1997-05-01,Taurus,Wikidata:Q51727160,False
19366,1995-12-30,Capricorn,Wikidata:Q16911979,False
19428,1996-12-20,Sagittarius,Wikidata:Q26704890,False
19465,1995-09-15,Virgo,Wikidata:Q19665907,False
19480,1995-01-27,Aquarius,Wikidata:Q15054978,False
19484,1997-02-10,Aquarius,Wikidata:Q16023869,False
19485,1999-04-18,Aries,Wikidata:Q28606351,False
19495,2001-04-30,Taurus,API-Football-ID,True
19541,1995-11-09,Scorpio,Wikidata:Q18387424,False
19545,,,,False
19549,1997-08-08,Leo,Wikidata:Q35778151,False
19558,1991-09-10,Virgo,Wikidata:Q7407943,False
19573,1995-02-15,Aquarius,Wikidata:Q17811744,False
19586,1998-06-29,Cancer,Wikidata:Q28445512,False
19587,1996-06-14,Gemini,Wikidata:Q28101945,False
19599,1992-09-02,Virgo,API-Football-ID,True
19684,1994-02-10,Aquarius,Wikidata:Q21061926,False
19719,1997-10-11,Libra,Wikidata:Q16887631,False
19720,1999-07-05,Cancer,Wikidata:Q36696865,False
19733,1999-01-20,Aquarius,Wikidata:Q34994628,False
19760,1998-02-23,Pisces,Wikidata:Q26251403,False
19789,1993-05-29,Gemini,Wikidata:Q36999329,False
19825,1996-07-21,Cancer,Wikidata:Q27469960,False
19959,,,,False
20007,1997-02-16,Aquarius,Wikidata:Q18637246,False
20031,1996-02-24,Pisces,Wikidata:Q16245833,False
20089,,,,False
20093,,,,False
20355,1998-05-14,Taurus,Wikidata:Q27967807,False
20457,1995-10-21,Libra,Wikidata:Q17496350,False
20589,1999-08-07,Leo,Wikidata:Q49561427,False
20649,1996-09-03,Virgo,Wikidata:Q28101965,False
20665,1998-06-27,Cancer,Wikidata:Q26251607,False
20995,2000-04-06,Aries,Wikidata:Q60286976,False
21090,,,,False
21138,2001-06-06,Gemini,Wikidata:Q50825738,False
21998,1998-03-11,Pisces,Wikidata:Q23887767,False
22090,2001-03-24,Aries,Wikidata:Q56868118,False
22094,,,,False
22149,,,,False
22224,1997-12-19,Sagittarius,API-Football-ID,True
22233,1999-02-27,Pisces,Wikidata:Q43369896,False
24882,1998-03-18,Pisces,Wikidata:Q26838752,False
24888,,,,False
25004,1992-11-06,Scorpio,Wikidata:Q821646,False
25073,1998-05-10,Taurus,Wikidata:Q26212017,False
25391,1993-02-09,Aquarius,Wikidata:Q326159,False
25927,1997-06-28,Cancer,Wikidata:Q26964668,False
26232,1993-06-13,Gemini,Wikidata:Q5811691,False
30407,1994-03-10,Pisces,Wikidata:Q5109980,False
30410,1997-10-25,Scorpio,Wikidata:Q26704703,False
30427,2001-07-13,Cancer,Wikidata:Q99519583,False
30435,2000-04-25,Taurus,Wikidata:Q59914139,False
30776,,,,False
31057,2000-02-16,Aquarius,Wikidata:Q43559571,False
31146,2000-05-08,Taurus,Wikidata:Q43402334,False
31354,1996-10-07,Libra,Wikidata:Q44083681,False
32887,2000-06-28,Cancer,Wikidata:Q50073536,False
36922,2001-12-20,Sagittarius,Wikidata:Q50398907,False
37127,1998-12-17,Sagittarius,Wikidata:Q16902219,False
37145,,,,False
37161,1999-06-17,Gemini,Wikidata:Q26838145,False
37724,2001-10-30,Scorpio,Wikidata:Q60664537,False
38695,2000-06-08,Gemini,Wikidata:Q66828825,False
38746,2001-06-17,Gemini,Wikidata:Q53952196,False
40911,1999-04-07,Aries,Wikidata:Q52044004,False
41606,1999-01-16,Capricorn,Wikidata:Q64747505,False
41621,,,,False
45078,,,,False
46731,1998-01-21,Aquarius,Wikidata:Q20994068,False
46815,1997-01-16,Capricorn,API-Football-ID,True
47311,1996-06-22,Cancer,Wikidata:Q17612631,False
47380,,,,False
47438,,,,False
47499,1997-05-10,Taurus,Wikidata:Q14637461,False
47519,1999-09-13,Virgo,Wikidata:Q44080929,False
47547,2002-01-25,Aquarius,Wikidata:Q120630030,False
50132,1998-04-14,Aries,Wikidata:Q57415806,False
50999,,,,False
51051,2001-08-13,Leo,Wikidata:Q57242266,False
51494,2001-04-11,Aries,Wikidata:Q27960175,False
51617,1999-06-24,Cancer,Wikidata:Q46372260,False
61431,2000-02-15,Aquarius,Wikidata:Q61744153,False
61742,,,,False
63577,2001-01-05,Capricorn,Wikidata:Q58494476,False
67943,,,,False
67971,2000-07-13,Cancer,Wikidata:Q44737396,False
68466,2000-05-13,Taurus,Wikidata:Q47510489,False
70100,2001-05-22,Gemini,Wikidata:Q65675442,False
70747,,,,False
90590,2002-04-20,Taurus,Wikidata:Q74051767,False
92993,1999-11-16,Scorpio,Wikidata:Q58767078,False
106725,2001-02-22,Pisces,Wikidata:Q62269289,False
106835,1997-05-20,Taurus,Wikidata:Q44395063,False
116117,2001-11-02,Scorpio,Wikidata:Q87715532,False
125743,,,,False
126791,1998-04-05,Aries,Wikidata:Q44963860,False
126949,,,,False
127579,2000-09-12,Virgo,Wikidata:Q66685109,False
127769,2001-06-18,Gemini,Wikidata:Q61460651,False
129033,2002-01-23,Aquarius,Wikidata:Q73400656,False
129058,2002-08-18,Leo,Wikidata:Q98682558,False
129643,2004-10-19,Libra,Wikidata:Q68650133,False
129711,2001-05-23,Gemini,Wikidata:Q66108160,False
130421,2000-02-21,Pisces,Wikidata:Q80952616,False
130423,2001-06-11,Gemini,Wikidata:Q42847487,False
135334,1998-11-09,Scorpio,Wikidata:Q25367692,False
136723,2002-03-10,Pisces,Wikidata:Q66801705,False
137302,2001-12-09,Sagittarius,Wikidata:Q66779547,False
138417,2001-10-16,Libra,Wikidata:Q83264648,False
138780,2001-04-13,Aries,Wikidata:Q72921909,False
138787,,,,False
138815,2000-09-30,Libra,Wikidata:Q80197171,False
138816,2002-03-10,Pisces,Wikidata:Q69495231,False
138822,,,,False
138836,,,,False
138908,2002-11-06,Scorpio,Wikidata:Q104762954,False
138931,2002-02-08,Aquarius,Wikidata:Q106916429,False
140947,2001-05-12,Taurus,Wikidata:Q67175861,False
141901,1999-08-01,Leo,Wikidata:Q105945662,False
144729,2002-01-30,Aquarius,Wikidata:Q68485418,False
144732,,,,False
147835,2002-06-23,Cancer,Wikidata:Q104849454,False
148099,1998-09-06,Virgo,Wikidata:Q83632882,False
148270,2004-06-28,Cancer,Wikidata:Q105104357,False
149564,,,,False
151756,2000-07-10,Cancer,Wikidata:Q97059231,False
152418,2002-03-29,Aries,Wikidata:Q74050891,False
152849,2001-04-19,Aries,Wikidata:Q69812902,False
152856,1999-10-06,Libra,API-Football-ID,True
152953,2003-02-26,Pisces,Wikidata:Q107766903,False
152967,1999-12-31,Capricorn,Wikidata:Q97059010,False
152969,,,,False
152982,2002-05-06,Taurus,Wikidata:Q99760796,False
153066,2002-08-30,Virgo,API-Football-ID,True
153407,2003-01-04,Capricorn,Wikidata:Q116687539,False
153430,2002-04-27,Taurus,Wikidata:Q106805131,False
156428,1999-01-08,Capricorn,Wikidata:Q107316392,False
157052,2002-05-19,Taurus,Wikidata:Q97999586,False
157912,,,,False
157997,2002-07-11,Cancer,Wikidata:Q72603655,False
158694,2002-11-12,Scorpio,Wikidata:Q107930811,False
158697,2002-10-18,Libra,Wikidata:Q108653498,False
158698,2003-01-29,Aquarius,Wikidata:Q112813857,False
158702,2002-09-15,Virgo,Wikidata:Q105477368,False
158710,2002-12-16,Sagittarius,Wikidata:Q104773462,False
159420,,,,False
161671,2002-09-01,Virgo,Wikidata:Q99360090,False
161907,2003-05-19,Taurus,Wikidata:Q78752401,False
161948,2003-02-08,Aquarius,Wikidata:Q99584177,False
162075,,,,False
162498,2002-02-03,Aquarius,Wikidata:Q86835512,False
162590,2002-10-31,Scorpio,Wikidata:Q108653507,False
162687,2001-07-23,Leo,Wikidata:Q112503285,False
162714,2001-08-16,Leo,Wikidata:Q99328435,False
178077,2001-11-27,Sagittarius,Wikidata:Q103845834,False
180308,2002-09-18,Virgo,Wikidata:Q108653513,False
180316,2003-09-23,Libra,Wikidata:Q115145113,False
180317,2003-07-09,Cancer,Wikidata:Q107031318,False
182201,1999-09-01,Virgo,Wikidata:Q96943831,False
191971,2002-11-24,Sagittarius,Wikidata:Q81053047,False
195103,2001-02-12,Aquarius,API-Football-ID,True
195106,,,,False
195717,,,,False
195962,,,,False
195993,2002-11-30,Sagittarius,Wikidata:Q88130791,False
196156,2001-06-26,Cancer,Wikidata:Q83639138,False
196298,1999-08-31,Virgo,Wikidata:Q110160871,False
196855,1999-12-01,Sagittarius,Wikidata:Q103417114,False
199837,2002-02-15,Aquarius,Wikidata:Q86269576,False
201368,,,,False
202086,2002-06-16,Gemini,Wikidata:Q108659564,False
204039,2002-11-28,Sagittarius,Wikidata:Q73825355,False
206254,2003-11-07,Scorpio,Wikidata:Q110874376,False
215874,2002-12-28,Capricorn,Wikidata:Q115208158,False
237129,2002-09-14,Virgo,Wikidata:Q104877690,False
263538,,,,False
265784,,,,False
265820,2003-10-06,Libra,Wikidata:Q103979811,False
266657,,,,False
270139,2001-05-15,Taurus,Wikidata:Q110565461,False
270507,2003-01-10,Capricorn,Wikidata:Q112081015,False
270508,2004-03-26,Aries,Wikidata:Q106366721,False
273757,2004-08-01,Leo,Wikidata:Q104772508,False
273758,2003-02-05,Aquarius,Wikidata:Q118470954,False
275170,,,,False
278074,,,,False
278085,2003-01-28,Aquarius,Wikidata:Q105478432,False
278088,2001-07-02,Cancer,Wikidata:Q107985580,False
278118,,,,False
278128,,,,False
278898,2003-06-17,Gemini,Wikidata:Q104784108,False
282125,2004-01-06,Capricorn,Wikidata:Q108649714,False
282126,,,,False
282770,,,,False
283058,2001-06-20,Gemini,Wikidata:Q100144350,False
283272,2004-03-01,Pisces,Wikidata:Q110069543,False
283290,2001-11-22,Sagittarius,Wikidata:Q110086287,False
284230,2004-11-21,Scorpio,Wikidata:Q113509374,False
284322,2005-04-19,Aries,Wikidata:Q114703020,False
284324,2004-07-01,Cancer,Wikidata:Q111366053,False
284400,2004-01-03,Capricorn,Wikidata:Q121437419,False
284409,,,,False
284428,2003-10-29,Scorpio,Wikidata:Q111145131,False
284457,2004-01-05,Capricorn,Wikidata:Q104737263,False
284492,2004-09-08,Virgo,Wikidata:Q110487162,False
284500,2003-06-30,Cancer,Wikidata:Q111027477,False
284523,2004-01-06,Capricorn,Wikidata:Q101627158,False
284797,2002-02-11,Aquarius,Wikidata:Q108000402,False
286458,2003-10-11,Libra,Wikidata:Q122089959,False
286616,2002-04-16,Aries,Wikidata:Q108776426,False
288006,2003-02-04,Aquarius,Wikidata:Q66467324,False
288102,2004-02-06,Aquarius,Wikidata:Q113488911,False
288116,2004-10-28,Scorpio,Wikidata:Q115048295,False
288118,,,,False
296458,2003-08-13,Leo,Wikidata:Q106766809,False
297640,,,,False
297641,2004-09-06,Virgo,Wikidata:Q129256414,False
299813,2002-03-01,Pisces,Wikidata:Q80661874,False
301295,2004-10-07,Libra,Wikidata:Q113586426,False
301771,2002-01-01,Capricorn,Wikidata:Q107742783,False
303467,2004-03-08,Pisces,Wikidata:Q105812639,False
304316,,,,False
304317,2006-03-12,Pisces,Wikidata:Q115973966,False
304853,,,,False
305730,2005-04-11,Aries,Wikidata:Q118791841,False
307123,2005-03-21,Aries,Wikidata:Q118645253,False
311334,2004-12-23,Capricorn,Wikidata:Q113028093,False
311817,,,,False
312260,2006-01-19,Capricorn,Wikidata:Q118870489,False
313236,2007-03-21,Aries,Wikidata:Q114027518,False
313245,2006-09-26,Libra,Wikidata:Q118571844,False
315237,2003-08-04,Leo,Wikidata:Q111464601,False
318056,,,,False
319572,2004-07-23,Leo,Wikidata:Q107542811,False
322305,,,,False
327730,,,,False
327733,,,,False
328089,,,,False
328105,2006-05-01,Taurus,Wikidata:Q118780753,False
328225,2004-05-31,Gemini,Wikidata:Q116432094,False
330412,,,,False
334035,2006-07-18,Cancer,Wikidata:Q118869958,False
334037,,,,False
336564,2004-11-28,Sagittarius,Wikidata:Q113464781,False
336585,,,,False
336671,2003-07-29,Leo,Wikidata:Q116700351,False
340135,2005-01-14,Capricorn,Wikidata:Q121463467,False
340136,,,,False
340573,2004-05-10,Taurus,Wikidata:Q105955374,False
342243,2006-03-13,Pisces,Wikidata:Q123512560,False
342320,2005-12-16,Sagittarius,Wikidata:Q119719443,False
342970,2005-11-13,Scorpio,Wikidata:Q112039295,False
343209,,,,False
347316,2006-02-02,Aquarius,Wikidata:Q115371638,False
350625,2006-06-28,Cancer,Wikidata:Q121307507,False
356041,2004-01-03,Capricorn,Wikidata:Q113472432,False
356237,,,,False
359386,,,,False
361497,2005-04-14,Aries,Wikidata:Q112184628,False
361679,,,,False
362270,2006-01-20,Aquarius,Wikidata:Q125585047,False
363695,2002-07-04,Cancer,API-Football-ID,True
363974,,,,False
366735,,,,False
367634,2005-09-27,Libra,Wikidata:Q130608565,False
379618,,,,False
380492,2006-05-03,Taurus,Wikidata:Q118611497,False
380679,2006-07-15,Cancer,Wikidata:Q131109014,False
380689,,,,False
380690,2007-08-11,Leo,Wikidata:Q119700600,False
380696,2006-07-26,Leo,Wikidata:Q130668046,False
380697,2005-10-04,Libra,Wikidata:Q130305495,False
380715,,,,False
382170,,,,False
382355,,,,False
382925,2003-03-12,Pisces,Wikidata:Q113586549,False
383685,2004-07-22,Cancer,Wikidata:Q115399505,False
383770,,,,False
384981,,,,False
388510,2005-09-24,Libra,Wikidata:Q130316133,False
388777,,,,False
389031,,,,False
389302,,,,False
389306,2004-09-06,Virgo,Wikidata:Q129689290,False
389315,,,,False
392270,2006-01-04,Capricorn,Wikidata:Q118472572,False
392607,,,,False
393195,2005-04-20,Taurus,Wikidata:Q123001113,False
397997,,,,False
402329,2006-09-22,Virgo,Wikidata:Q130319703,False
402432,,,,False
403064,2007-03-16,Pisces,Wikidata:Q119971486,False
404574,,,,False
404656,2005-11-04,Scorpio,Wikidata:Q130740691,False
405360,2007-01-19,Capricorn,Wikidata:Q129702132,False
405530,,,,False
407032,,,,False
407033,2005-12-10,Sagittarius,Wikidata:Q130304859,False
430734,,,,False
440159,,,,False
449245,2006-07-01,Cancer,Wikidata:Q125548367,False
459203,,,,False
465310,,,,False
